{"schemaVersion":"1.0","appDefinitionTemplate":{"id":"/providers/Microsoft.PowerApps/apps/","type":"Microsoft.PowerApps/apps","tags":{"primaryDeviceWidth":"640","primaryDeviceHeight":"1136","sienaVersion":"20210509T051723Z-3.21044.25.0","deviceCapabilities":"","supportsPortrait":"true","supportsLandscape":"false","primaryFormFactor":"Phone","publisherVersion":"3.21044.25","minimumRequiredApiVersion":"2.2.0","hasComponent":"false","hasUnlockedComponent":"false","isUnifiedRootApp":"false"},"properties":{"appVersion":"2021-05-09T05:17:23Z","lifeCycleId":"Published","createdByClientVersion":{"major":3,"minor":21044,"build":25,"revision":0,"majorRevision":0,"minorRevision":0},"minClientVersion":{"major":3,"minor":21044,"build":25,"revision":0,"majorRevision":0,"minorRevision":0},"backgroundColor":"rgba(0, 176, 240, 1)","backgroundImageUri":"/1518968608822004515/N5646b8ac-5e6d-4f26-8160-9f15f14049f1-logoSmallFile","displayName":"GymLog","description":"Capture your gym exercise activities","commitMessage":"","appUris":{"documentUri":{"value":"/1518968608822004515/N2bed8d15-8c11-4950-9517-15a09f43e562-document.msapp"},"imageUris":[]},"createdTime":"0001-01-01T00:00:00Z","lastModifiedTime":"0001-01-01T00:00:00Z","sharedGroupsCount":0,"sharedUsersCount":0,"icons":{"smallIconUri":"/1518968608822004515/Na382acd3-cfcc-471e-a73d-2e52cb9b9ffb-small.png","mediumIconUri":"/1518968608822004515/N9faf2ca0-4c62-4ebe-b12a-5f83b80f5e3a-medium.png","largeIconUri":"/1518968608822004515/N99b5fc28-56ff-462e-8821-4d0114903f1e-large.png","wideIconUri":"/1518968608822004515/N1c83cbec-b0f0-4455-bf2e-04b0084e23b8-wide.png"},"connectionReferences":{"3cfcbe7d-cff5-4c81-94cd-75f6e40f2f8f":{"id":"48aa4872-8a17-4a15-8b41-48fb6770f7e8","displayName":"GymLogs","iconUri":"https://prodapiicons.cdn.powerappscdn.net/20210501t000000z99e183d1e033425fb44b73040e961844/customconnectoricon.png","dataSources":["GymLogsPublisherInterface"],"dependencies":[],"dependents":[],"parameterHints":{},"isOnPremiseConnection":false,"bypassConsent":false,"dataSets":{},"apiTier":"Standard","isCustomApiConnection":true,"actions":["CreateRoutine","CreateExercise","PublishRoutine"],"isCustomApiSolutionAware":false}},"databaseReferences":{},"almMode":"Solution","performanceOptimizationEnabled":true,"canConsumeAppPass":true,"executionRestrictions":{"isTeamsOnly":false,"dataLossPreventionEvaluationResult":{"status":"Compliant","lastEvaluationDate":"2021-05-01T06:28:08.5145075Z","violationDetails":[]}}},"isAppComponentLibrary":false,"appType":"ClassicCanvasApp","appComponents":[]}}