{"schemaVersion":"1.0","appDefinitionTemplate":{"id":"/providers/Microsoft.PowerApps/apps/","type":"Microsoft.PowerApps/apps","tags":{"primaryDeviceWidth":"640","primaryDeviceHeight":"1136","sienaVersion":"20210510T124041Z-3.21044.25.0","deviceCapabilities":"","supportsPortrait":"true","supportsLandscape":"false","primaryFormFactor":"Phone","publisherVersion":"3.21044.25","minimumRequiredApiVersion":"2.2.0","hasComponent":"false","hasUnlockedComponent":"false","isUnifiedRootApp":"false"},"properties":{"appVersion":"2021-05-10T12:40:41Z","lifeCycleId":"Published","createdByClientVersion":{"major":3,"minor":21044,"build":25,"revision":0,"majorRevision":0,"minorRevision":0},"minClientVersion":{"major":3,"minor":21044,"build":25,"revision":0,"majorRevision":0,"minorRevision":0},"backgroundColor":"rgba(0, 176, 240, 1)","backgroundImageUri":"/1518968608822004515/N1308cb1b-24af-4d54-8cc6-abadf327df11-logoSmallFile","displayName":"GymLog","description":"Capture your gym exercise activities","commitMessage":"","appUris":{"documentUri":{"value":"/1518968608822004515/N2e44c18e-1e80-4a51-9f45-01ae93d7bdea-document.msapp"},"imageUris":[]},"createdTime":"0001-01-01T00:00:00Z","lastModifiedTime":"0001-01-01T00:00:00Z","sharedGroupsCount":0,"sharedUsersCount":0,"icons":{"smallIconUri":"/1518968608822004515/N71fc3a8e-0faf-4ee6-a0bd-6e7a3964bd92-small.png","mediumIconUri":"/1518968608822004515/N570a5eec-50e6-48b4-bab6-30cb81e53f92-medium.png","largeIconUri":"/1518968608822004515/N85d046db-bad6-48f1-acca-2d8385eefcc7-large.png","wideIconUri":"/1518968608822004515/Nfa4040e0-6bd2-4c16-8212-53d8c5ee0fc2-wide.png"},"connectionReferences":{"521e6098-731a-406e-8137-f88e0602ed79":{"id":"48aa4872-8a17-4a15-8b41-48fb6770f7e8","displayName":"GymLogs","iconUri":"https://prodapiicons.cdn.powerappscdn.net/20210501t000000z99e183d1e033425fb44b73040e961844/customconnectoricon.png","dataSources":["GymLogsPublisherInterface"],"dependencies":[],"dependents":[],"parameterHints":{},"isOnPremiseConnection":false,"bypassConsent":false,"dataSets":{},"apiTier":"Standard","isCustomApiConnection":true,"actions":["CreateRoutine","CreateExercise","PublishRoutine"],"isCustomApiSolutionAware":false}},"databaseReferences":{},"almMode":"Solution","performanceOptimizationEnabled":true,"canConsumeAppPass":true,"executionRestrictions":{"isTeamsOnly":false,"dataLossPreventionEvaluationResult":{"status":"Compliant","lastEvaluationDate":"2021-05-01T06:28:08.5145075Z","violationDetails":[]}}},"isAppComponentLibrary":false,"appType":"ClassicCanvasApp","appComponents":[]}}